{"default": {"n_partition": 160, "n_items": [1419, 1366, 1234, 1061, 1411, 984, 1427, 1715, 1275, 1779, 1104, 1003, 1096, 1013, 1152, 676, 649, 804, 1353, 932, 1405, 1316, 1377, 1086, 1380, 1283, 1415, 874, 1073, 989, 969, 959, 1022, 1322, 1113, 1454, 1429, 1257, 1926, 968, 1394, 1385, 1206, 1209, 1326, 1512, 1435, 1193, 1529, 1502, 1247, 749, 1541, 1875, 1782, 1410, 754, 1332, 1067, 678, 711, 1816, 1010, 1152, 658, 1422, 1308, 911, 1184, 808, 1201, 1346, 1666, 1285, 1563, 1004, 1239, 1229, 1135, 1227, 1424, 1426, 1451, 988, 1455, 1050, 1006, 1432, 1094, 1153, 1238, 1299, 1176, 895, 1383, 1111, 1152, 1028, 1547, 1225, 1272, 1502, 1116, 1081, 1042, 1461, 1312, 1227, 1014, 805, 1337, 986, 839, 1536, 1536, 1048, 964, 1267, 1606, 985, 1403, 1147, 938, 1268, 1311, 1355, 761, 1189, 908, 831, 1075, 1110, 1147, 1020, 896, 1167, 1013, 834, 1046, 1034, 1594, 1172, 1374, 1216, 1360, 910, 1101, 804, 1368, 1063, 1793, 1114, 1003, 778, 1318, 1075, 2216, 993, 1266, 1095], "exe_time": 31.654404163360596}, "customized": {"n_partition": 3, "n_items": [58601, 70967, 63038], "exe_time": 4.460344076156616}}